{
  "hash": "04339ae2",
  "configHash": "833034aa",
  "lockfileHash": "f0136813",
  "browserHash": "e61214ef",
  "optimized": {
    "@angular/common": {
      "src": "../../../../../../node_modules/@angular/common/fesm2022/common.mjs",
      "file": "@angular_common.js",
      "fileHash": "e5135982",
      "needsInterop": false
    },
    "@angular/common/http": {
      "src": "../../../../../../node_modules/@angular/common/fesm2022/http.mjs",
      "file": "@angular_common_http.js",
      "fileHash": "4ebc10ea",
      "needsInterop": false
    },
    "@angular/core": {
      "src": "../../../../../../node_modules/@angular/core/fesm2022/core.mjs",
      "file": "@angular_core.js",
      "fileHash": "0366ff3d",
      "needsInterop": false
    },
    "@angular/platform-browser": {
      "src": "../../../../../../node_modules/@angular/platform-browser/fesm2022/platform-browser.mjs",
      "file": "@angular_platform-browser.js",
      "fileHash": "c56af134",
      "needsInterop": false
    },
    "@angular/router": {
      "src": "../../../../../../node_modules/@angular/router/fesm2022/router.mjs",
      "file": "@angular_router.js",
      "fileHash": "84a594d2",
      "needsInterop": false
    }
  },
  "chunks": {
    "chunk-DQBK2LT5": {
      "file": "chunk-DQBK2LT5.js"
    },
    "chunk-GRZZHNRG": {
      "file": "chunk-GRZZHNRG.js"
    },
    "chunk-CXPCOQ3E": {
      "file": "chunk-CXPCOQ3E.js"
    },
    "chunk-NRIQAXQZ": {
      "file": "chunk-NRIQAXQZ.js"
    }
  }
}